,Title,Channel,Published At,View Count,Like Count,Comment Count,Like Ratio,Comment Ratio
0,The funniest product placement I've ever seen (w/ Danny Gonzalez),Drew Gooden,2024-08-06,1409645,117757,5793,0.08353663511025826,0.004109545311053492
1,Five Nights at Freddy's: Secret of the Mimic - Teaser Debut,Steel Wool Studios,2024-08-06,516763,59850,5353,0.11581711538945319,0.01035871376240172
2,A.I. ‚Äê Humanity's Final Invention?,Kurzgesagt ‚Äì In a Nutshell,2024-08-06,1898419,107079,9511,0.05640430273822586,0.005009958286342478
3,Dead by Daylight | Castlevania | Official Trailer,Dead by Daylight,2024-08-06,638115,34869,2337,0.0546437554359324,0.0036623492630638676
4,fortnite added a NEW MINIGUN!,McCreamy,2024-08-06,925286,14675,1019,0.01585996113634055,0.0011012811174058615
5,American Cole Hocker pulls off a STUNNER in men's 1500m Olympic final | Paris Olympics | NBC Sports,NBC Sports,2024-08-06,1555969,21146,3043,0.013590245049869245,0.001955694490057321
6,Gabby Thomas brings FORCE AND POWER in 200m gold medal run | Paris Olympics | NBC Sports,NBC Sports,2024-08-06,817816,11608,1307,0.01419390180676338,0.0015981589990902599
7,Team USA is ON TO THE SEMIS in men's basketball after blasting Brazil | Paris Olympics | NBC Sports,NBC Sports,2024-08-06,907191,13182,1312,0.014530567432877972,0.0014462224603198225
8,Cooking on the American Homefront During WWII,Tasting History with Max Miller,2024-08-06,519398,36122,4464,0.06954589736579656,0.008594565246689436
9,They Added DRACULA To Dead by Daylight!,Ayrun,2024-08-06,269019,11725,874,0.04358428215107483,0.003248841159918073
10,Where We Fallin‚Äô? - Launch Trailer,Fortnite,2024-08-06,685658,19105,1476,0.027863745482441683,0.002152676698879033
11,How French Drains Work,Practical Engineering,2024-08-06,540306,28476,1020,0.05270346803478029,0.0018878191247182151
12,SIZZILIN HOT Helluva Boss + Hazbin Hotel Summer,Vivziepop,2024-08-06,542124,44842,2309,0.08271539352620434,0.004259173178092097
13,"Survive 100 Days In Nuclear Bunker, Win $500,000",MrBeast,2024-08-03,112196938,4154421,83665,0.0370279356465147,0.0007456977123564638
14,SIDEMEN AMONG US: PHANTOM & MYSTIC ROLES,MoreSidemen,2024-08-05,3017355,153851,4007,0.050988697054208075,0.0013279842776206313
15,I let my stream buy ANYTHING on Temu...,Crispy Concords,2024-08-05,447091,23958,1616,0.05358640634680636,0.003614476694901038
16,Chuttamalle | Devara Second Single | NTR | Janhvi Kapoor | Anirudh Ravichander | Shilpa Rao | 27 Sep,T-Series Telugu,2024-08-05,24414924,560403,25009,0.02295329692609324,0.001024332494338299
17,Twins Swap Birthday Gift Exchange - Merrell Twins,merrelltwins,2024-08-06,183067,11532,1310,0.06299333031076054,0.007155850043972972
18,The Legend of Zelda: Echoes of Wisdom ‚Äì Traversing Hyrule Trailer ‚Äì Nintendo Switch,Nintendo of America,2024-08-05,1490185,76244,7523,0.05116411720692397,0.005048366477987632
19,I Built 5 EXTREME LEGO Builds With My Mom!,ZHC Crafts,2024-08-06,442482,15792,1415,0.035689587373045686,0.0031978701958497746
20,Hunters vs VENOM in Minecraft!,Cash,2024-08-06,513720,9410,857,0.018317371330685978,0.0016682239352176283
21,Unprepared certainty‚Ä¶,The Weeknd,2024-08-06,546153,65172,4168,0.11932919896073078,0.007631561119320044
22,We Played DRESS TO IMPRESS Roblox!,Kalogeras Sisters ,2024-08-05,1135922,52202,6029,0.04595562019223151,0.005307582738955667
23,I Spent 100 Days in a Fungal Outbreak in Hardcore Minecraft... Here's What Happened,Forge Labs,2024-08-04,1511637,37451,2860,0.024775127891153763,0.001891988618960769
24,Who Is Tim Walz? Why Harris Picked Minnesota Governor as VP Running Mate | WSJ,The Wall Street Journal,2024-08-06,1112723,20517,4237,0.018438551193783178,0.003807776059270816
25,Madden 25 | Gameplay First Look,EA SPORTS MADDEN NFL,2024-08-05,289897,7031,1875,0.02425344173965236,0.006467814430642607
26,"CASTLEVANIA CHAPTER ""THE DARK LORD"" & ""TREVOR BELMONT"" Power & Perk Breakdown! | Dead By Daylight",The King,2024-08-06,44020,1198,206,0.02721490231712858,0.0046796910495229445
27,The Joy of Creation: Part 1,Markiplier,2024-08-04,3750253,222852,8655,0.05942319091538624,0.0023078442974380662
28,"Hurricane Debby Flooded Our Racetrack Badly, Track Entrance Destroyed",Cleetus McFarland,2024-08-05,1524685,80726,5314,0.05294601835789032,0.0034853100804428457
29,Power Book II: Ghost | The Final Episodes Official Trailer | Season 4,STARZ,2024-08-05,555009,3397,783,0.006120621467399627,0.0014107879331686512
30,Men's 100 Meter Finals Were HISTORIC || Noah Lyles VS. Kishane Thompson - Paris Olympics 2024,Total Running Productions,2024-08-04,2582811,13935,2312,0.005395284440092597,0.0008951487352345952
31,WE GOT REMARRIED ‚ù§Ô∏è,The Prince Family,2024-08-05,260399,10888,900,0.04181275657740621,0.003456234470946509
32,What Would Happen if the Three Gorges Dam Failed?,Megaprojects,2024-08-05,323705,12501,1343,0.0386184952348589,0.004148839220895569
33,Bully Beatdown: The TV Show That Fought Your Bullies,Kurtis Conner,2024-08-04,1127365,87755,3467,0.07784080577275328,0.003075312786896879
34,FNAF X DEAD BY DAYLIGHT... IT FINALLY HAPPENED.,Dawko,2024-08-05,315491,23547,3109,0.0746360435004485,0.009854480793429923
35,Billie Eilish ‚Äì L'AMOUR DE MA VIE (Live Performance from Amazon Music‚Äôs Songline),Billie Eilish,2024-08-05,443730,48884,1968,0.11016609199287855,0.004435129470624028
36,Debby Might Loop Around...,Mr. Weatherman,2024-08-05,738244,13091,773,0.017732619567514263,0.0010470792854395024
37,Debby Is Taking A Turn For The Worst...,Max Velocity - Severe Weather Center,2024-08-05,419994,6128,602,0.014590684628828031,0.0014333538098163308
38,Monster Hunter Wilds: Focus Mode Overview,Monster Hunter,2024-08-05,662109,30871,1901,0.046625253545866316,0.002871128469783676
39,An Interview with Scott Cawthon 2.0 - The Creator of Five Nights at Freddy‚Äôs,Dawko,2024-08-04,1304634,103844,8155,0.0795962699117147,0.00625079524219053
40,NOAH LYLES BEATS JAMAICA‚ÄôS KISHANE THOMPSON IN PHOTO FINISH TO WIN 100M | Press Conference,CITIUS MAG,2024-08-04,625543,6308,2827,0.010084038986928157,0.004519273655048494
41,Is expensive Canned Tuna a scam?,Ethan Chlebowski,2024-08-05,340011,12864,1043,0.03783407007420348,0.0030675478146295265
42,CREATIVO #464 - BILLIE EILISH,Roberto Mtz,2024-08-05,888556,84196,3449,0.09475598611680074,0.003881578651204876
43,Garp's Galaxy Impact | One Piece,Crunchyroll,2024-08-04,1550626,52509,4166,0.03386309787144031,0.002686656872772674
44,Roman Reigns rocks the WWE Universe with SummerSlam return: SummerSlam 2024 highlights,WWE,2024-08-04,4173591,164129,13122,0.03932560713304203,0.0031440550835000365
45,FEEDING STARVING INFLUENCERS FT. THE STURNIOLO TRIPLETS,Quenlin Blackwell,2024-08-03,1736620,137601,4922,0.0792349506512651,0.0028342412272114796
46,Apex Legends: Shockwave Dev Update,Apex Legends,2024-08-05,278129,13498,2109,0.04853143685124529,0.007582812292137821
47,Did Finn B√°lor Show Damian Priest The New Judgment Day? | WWE Raw Highlights 8/5/24 | WWE on USA,WWE on USA,2024-08-06,516186,12645,1518,0.024496983645430136,0.0029408004091548397
48,UK riots: 400 arrested amid far-right violence and clashes with police,Channel 4 News,2024-08-05,1136920,7758,13899,0.00682369911691236,0.012225134574112515
49,Water begins moving past landslide damming Chilcotin River,CBC Vancouver,2024-08-05,252712,1470,0,0.005816898287378518,0.0
50,Building A Secret Base For My Friends,rekrap2,2024-08-04,1170768,50120,3916,0.04280950623863994,0.0033448129774643655
51,Monster Hunter Wilds: Basic Mechanics Overview,Monster Hunter,2024-08-05,615685,30839,2070,0.05008892534331679,0.003362108870607535
52,Minnesotans react to Tim Walz being tapped as Harris' VP,FOX 9 Minneapolis-St. Paul,2024-08-06,412268,6212,3451,0.015067868473905323,0.008370768529209155
53,Paris 2024 | Jamaica's Kishane Thompson speaks on results in Men's 100m final | SportsMax,SportsMax TV,2024-08-04,505463,4396,1070,0.008696976831142933,0.002116871066724963
54,4 Days Living out of Capsule Hotels in Japan!,Mav,2024-08-05,386115,13592,792,0.035201947606283104,0.0020512023619905988
55,I Stayed in MrBeast's Nuclear Bunker,Ryan Trahan,2024-08-03,5100066,181313,10777,0.03555110855428145,0.0021131099087737296
56,I Tested Amazon Products for Lazy People!,Drew Dirksen,2024-08-04,693544,9158,728,0.013204641666570541,0.0010496810584476254
57,Shelly-Ann Fraser-Pryce & Sha'Carri Richardson THROW DOWN  In Women's 100 Meters || 2024 Olympics,Total Running Productions,2024-08-02,2075872,9414,902,0.004534961693206518,0.00043451619367668143
58,Pole Vaulter Anthony Ammirati‚Äôs Manhood Eliminates Him From Games | 2024 Olympics | E! News,E! News,2024-08-04,1611683,3174,666,0.0019693699071095245,0.00041323262701163936
59,Clash of Dragons,Clash of Clans,2024-08-05,475059,28838,1616,0.06070403886675129,0.0034016827383546045
60,GIANT POU vs CARS,ProjectJamesify,2024-08-05,286553,2244,83,0.007831012064085876,0.0002896497332081674
61,Clairo - Juna (Official Video),Claire Cottrill,2024-08-04,448831,50705,2252,0.112971251985714,0.005017478739213646
62,Has the 5 Acre Pond Been a Success or Failure (The Truth),BamaBass,2024-08-05,430760,18111,3028,0.042044293806295846,0.007029436345064537
63,How American Weapons Aid Ukraine | Business Insider Marathon,Business Insider,2024-08-04,805510,10223,2993,0.012691338406723691,0.0037156584027510523
64,Bryan Norcross Analyzes Latest On Hurricane Debby,FOX Weather,2024-08-05,317125,2750,268,0.008671659440283799,0.0008450926290894758
65,Noah Lyles wins men's 100m final in photo finish,Sky Sports News,2024-08-04,648785,2575,787,0.003968957358755212,0.0012130366762486801
66,THE BROKEN PORTAL,Corridor,2024-08-04,303711,29006,972,0.09550526651981654,0.0032004109169572388
67,Why Walgreens And CVS Are Shutting Down Thousands Of Stores,CNBC,2024-08-04,738021,9877,2296,0.013383088015110681,0.003111022586078174
68,GameToon's Last Video...,GameToons,2024-08-04,1204849,42670,9008,0.03541522630636702,0.007476455555841437
69,The Hermitcraft SHOP PURGE!  -   Hermitcraft  Episode 22,GoodTimesWithScar,2024-08-04,394123,31621,1796,0.0802312983510224,0.004556953032428962
70,Rioters attack hotel housing asylum seekers amid far-right violence,Channel 4 News,2024-08-04,1457947,12862,18603,0.008821994215153227,0.012759723090071175
71,"1 Week Fishing, Camping, & Hiking Adventure ( I Flew a Family of 10 to Alaska)",Outdoor Boys,2024-08-03,2362035,78702,0,0.03331957401139272,0.0
72,Paris 2024 | Noah Lyles reflects on victory after winning the 100m final | SportsMax,SportsMax TV,2024-08-04,147220,1399,290,0.009502784947697324,0.0019698410542045917
73,Monster Hunter Wilds: Great Sword | Weapon Overview,Monster Hunter,2024-08-05,501109,23765,1520,0.047424811767499686,0.0030332722022553974
74,Virginia man charged with threatening to kill Vice President Harris,WUSA9,2024-08-05,141051,1355,1685,0.009606454403017349,0.011946033704121204
75,I Built a River Table for Real Fish,John Malecki,2024-08-04,351545,11819,704,0.03362016242586298,0.002002588573297871
76,Terence Crawford Full Post Fight Press Conference vs Israil Madrimov,Fight Hub TV,2024-08-04,387767,6233,2548,0.016074085726737963,0.00657095627013129
77,Americans told to leave Lebanon immediately,We Are Iowa Local 5 News,2024-08-04,466609,1823,975,0.003906911354045893,0.002089543922213245
78,World's Most Impossible Trickshots,Airrack,2024-08-03,1370219,57325,1433,0.04183637798045422,0.0010458182232183323
79,Hermitcraft 10: Episode 24 - MY BANNED SHOP,Mumbo Jumbo,2024-08-05,704723,53820,2686,0.07637043207047307,0.0038114266172666425
80,NRL 2024 | Broncos v Bulldogs | Match Highlights,NRL - National Rugby League,2024-07-27,254202,2847,572,0.0111997545259282,0.0022501789915106885
81,My Dog was a MENACE to Society,Let Me Explain Studios,2024-08-03,1116105,101289,6670,0.09075221417339767,0.00597614023770165
82,HIGHLIGHTS | REAL MADRID 1 vs 2 FC BARCELONA | USA TOUR 2024,FC Barcelona,2024-08-04,5421230,130039,4113,0.023986991881916095,0.0007586839149049201
83,surviving a nuke by flipping a coin,TheRussianBadger,2024-08-02,2912180,204090,12810,0.07008151968628312,0.004398766559759355
84,They Repossessed the Equipment! And I'm Happy about it,Outdoors With The Morgans,2024-08-04,278883,14562,533,0.052215445186691196,0.0019111957344119218
85,Terence Crawford vs Israil Madrimov | Fight Highlights | Riyadh Season,Sports On Prime,2024-08-04,193064,1948,446,0.010089918369038246,0.002310114780590892
86,Spoit Vs STOMPN 1v1 REMATCH,Spoit,2024-08-03,378845,13271,1284,0.0350301574522562,0.0033892489012656893
87,Triple H Comments On Jacob Fatu Injury During WWE SummerSlam Main Event,WrestlingNewsCo,2024-08-04,245990,1678,373,0.006821415504695312,0.001516321801699256
88,Will this BIG BLOCK Chrysler RUN & DRIVE After 35 YEARS??,Junkyard Digs,2024-08-03,329608,25978,1683,0.0788148345913934,0.005106065386762457
89,Hugh's Acting Masterclass,Ryan Reynolds,2024-08-04,1082211,78051,1392,0.07212179510280342,0.0012862556377638001
90,Shootout Thrill: India vs Great Britain | #FIHProLeague | #Hockey,International Hockey Federation (FIH),2024-08-04,868680,5971,280,0.006873647373025741,0.00032232813003637705
91,Put a Dollar Store book bin in your kitchen cabinet (this is BRILLIANT!),Hometalk,2024-08-03,847573,0,303,0.0,0.00035749133113017995
92,Jordan Adetunji - KEHLANI REMIX (feat. Kehlani) [Official Video],Jordan Adetunji,2024-08-02,2090626,114037,3116,0.05454681994770944,0.0014904626652495472
93,"Decision 2024 | Trump cancels ABC debate with Harris, pitches one for Fox News",WCNC,2024-08-04,459148,3643,5986,0.007934260848353908,0.013037190622631483
94,Charli xcx - Guess featuring Billie Eilish (official video),Charli xcx,2024-08-01,9134233,555900,28803,0.06085896867312231,0.0031533025268788302
95,ÏßÄÎØº (Jimin) 'Rebirth + Slow Dance (feat. Sofia Carson)' Live Clip,BANGTANTV,2024-08-04,2507090,497384,33086,0.1983909632282846,0.013196973383484438
96,I TESTED SCIENCE in LEGO,Mr. Bricks,2024-08-03,630004,5775,275,0.009166608465977994,0.00043650516504657115
97,I Trolled Shiny Hunters In Pok√©mon,Nokimon,2024-08-03,404338,15252,541,0.03772091665883494,0.0013379895038309532
98,"1,000 People Watched Me Golf!",Grant Horvat Golf,2024-08-05,336234,13027,664,0.03874385100852382,0.001974815158490813
99,"Julien Alfred Wins 100m Gold In 10.72 For St. Lucia, Sha'Carri Richardson Silver | Press Conference",CITIUS MAG,2024-08-03,489540,4511,1551,0.009214773052253135,0.003168280426522858
100,Can You Beat DARK SOULS 1 With Only Fire Surge?,The Backlogs,2024-08-03,399293,25102,709,0.06286611585978216,0.001775638440944369
101,MY BRAND NEW WIDE BODY LAMBORGHINI URUS,Duke Dennis,2024-08-03,1481060,115298,5555,0.07784829784073569,0.003750692071894454
102,Full SummerSlam 2024 highlights,WWE,2024-08-04,3992970,91986,4069,0.02303698750554099,0.0010190409644951002
103,MURDER DRONES Series Finale [TRAILER],GLITCH,2024-08-02,2623240,244734,25723,0.09329455177566673,0.009805812659154329
104,Jelly Roll - Liar (Official Music Video),Jelly Roll,2024-08-02,840447,43244,2173,0.05145357173028162,0.0025855288911733874
105,"Character Teaser - ""Emilie: Testimony"" | Genshin Impact #Character #Teaser #Emilie #Testimony",Genshin Impact,2024-08-05,606836,48655,1998,0.08017817004923901,0.003292487591375594
106,Noah Lyles WINS GOLD in Men's 100M in PHOTO FINISH I CBS Sports,CBS Sports,2024-08-04,662344,3317,806,0.005007971688427765,0.0012168903168142235
107,"15 Years on YouTube & Big Family BBQ! Ft Marcus, Joe, Caspar, Jim & Tanya",Alfie Deyes Vlogs,2024-08-04,255953,13069,250,0.05106015557543768,0.000976741823694194
108,"B.G.  -  ""HANDS UP"" (official Music Video)",B.G.,2024-08-02,375185,22396,3443,0.059693218012447195,0.009176806108986234
109,I Admit... I Got Owned,Rick Beato,2024-08-02,1729225,99670,6769,0.05763853749512065,0.003914470355216932
110,Nessa Barrett - PASSENGER PRINCESS (Official Music Video),Nessa Barrett,2024-08-01,1704628,56655,2378,0.03323599049176712,0.0013950257768850446
111,Houston Texans vs. Chicago Bears Highlights | 2024 Hall of Fame Game,NFL,2024-08-02,912006,11555,1691,0.012669872785924654,0.001854154468282007
112,It's Clash Anime Season! Happy 12th Clashiversary!,Clash of Clans,2024-08-01,5441916,175196,7148,0.03219380821019656,0.0013135079630042065
113,The LOX: Tiny Desk Concert,NPR Music,2024-08-02,972613,63228,6434,0.06500838462985792,0.006615169651238468
114,Papa Roach & Carrie Underwood - Leave A Light On (Talk Away The Dark),Papa Roach,2024-08-02,785726,32151,1222,0.04091884448268226,0.0015552495399159504
115,This Hurricane Will Surprise People‚Ä¶,"Ryan Hall, Y'all",2024-08-04,491264,27795,993,0.05657854025534132,0.002021316440854612
116,FIGHT HIGHLIGHTS | Riyadh Season Card: Andy Ruiz vs. Jarrell Miller,DAZN Boxing,2024-08-04,1140389,9705,1999,0.008510253957202323,0.0017529106296184898
117,HIGHLIGHTS: Liverpool 3-0 Manchester United | Sell-out crowd for USA Tour win,Liverpool FC,2024-08-04,2141597,35775,1660,0.016704823549902246,0.0007751224903658345
118,Chad Smith Hears Bring Me The Horizon For The First Time,Drumeo,2024-08-02,1822819,88036,6123,0.048296621880724304,0.003359082827203359
119,I Built a Lethal Boomerang,Mike Shake,2024-08-02,1164997,45567,2220,0.03911340544224577,0.0019055843062256812
120,Tay B x Lil Baby - ALL TEN (Official Music Video),Tay B,2024-08-02,891896,22165,822,0.024851552198911084,0.0009216321185429691
121,David Beckham Beach Kicks DEBUNK,Captain Disillusion,2024-08-02,1137111,125106,5790,0.11002092144038708,0.0050918511913085
122,What REALLY Happened To Shelly-Ann Fraser-Pryce,Total Running Productions,2024-08-04,1428430,12857,1614,0.009000791078316753,0.0011299118612742663
123,Why I Left Donut,Speeed,2024-08-01,4732756,368734,29732,0.07791105224947155,0.006282174699054842
124,I Collected EVERY NEW WOLF in Minecraft Hardcore,aCookieGod,2024-08-02,1606144,59187,4713,0.03685036958080969,0.0029343570688555947
125,I Bought a Cheap Semi at the Auction. (How bad can it be?),Diesel Creek,2024-08-02,628116,82765,3195,0.13176706213501965,0.005086640047379783
126,"USA vs GERMANY | USAB SHOWCASE | FULL GAME HIGHLIGHTS | July 22, 2024",NBA,2024-07-22,9008888,112637,12609,0.012502874938616175,0.0013996177996662851
127,NoCap - Maliboo [Official Music Video],NoCap,2024-08-02,482589,24171,1158,0.0500860981083282,0.002399557387342024
128,Paris Olympics organisers apologise for opening ceremony's unintentional Last Supper parody,Guardian Sport,2024-07-28,3490266,7260,10261,0.002080070688022059,0.002939890541293987
129,Man City 4-2 Chelsea | HIGHLIGHTS | Chelsea FC USA Tour 2024,Chelsea Football Club,2024-08-04,1276634,14533,1905,0.011383842197528814,0.0014922052835816687
130,"Jessie Murph, Teddy Swims - Dirty (Official Video)",JessieMurphVEVO,2024-08-02,466242,17956,684,0.03851218894908653,0.0014670493005778116
131,FLO - Check,FloLikeThisVEVO,2024-08-02,675642,61667,2488,0.09127170898197566,0.0036824235319888343
132,Polo G - We Uh Shoot (feat. Lil Durk) (Official Lyric Video),Polo G,2024-08-02,366678,32634,2356,0.08899906730155613,0.006425255946634377
133,INCURSIONS // Official Console Cinematic Trailer - VALORANT,VALORANT,2024-08-02,1437359,89283,3402,0.06211600581343979,0.002366840851867905
134,A$AP ROCKY - HIGHJACK (Audio),ASAPROCKYUPTOWN,2024-08-02,568777,41634,2540,0.07319916241338872,0.004465722066820564
135,Tech Products That Should Not Exist,Danny Gonzalez,2024-07-31,4836074,270494,13107,0.05593256017174262,0.002710256294672083
136,Billy Strings - Leadfoot (Official Music Video),Billy Strings,2024-08-02,518515,17431,1116,0.033617156687848954,0.002152300319180737
137,A Star Is About to Explode (And You'll Be Able to See It),StarTalk,2024-08-01,2582218,93525,4617,0.03621886300846791,0.0017879977600651843
138,NBA 2K25 | Official Gameplay Trailer,NBA 2K,2024-08-01,612960,11884,1702,0.0193878882798225,0.0027766901592273558
139,"SOUTH SUDAN vs USA | USAB SHOWCASE | FULL GAME HIGHLIGHTS | July 20, 2024",NBA,2024-07-20,7358438,95897,15322,0.013032249507300326,0.0020822353874558703
140,HELLUVA SHORTS 2 // MISSION: ANTARCTICA // HELLUVA BOSS,Vivziepop,2024-07-31,4317169,457640,20497,0.10600465258598864,0.004747787265219406
141,Brawl Stars Animation: PAINT BRAWL STARTS NOW!,Brawl Stars,2024-08-01,7072584,211828,12720,0.029950581004057356,0.0017984940157656664
142,Gunna - one of wun [Official Video],Gunna,2024-08-01,1013310,39492,1962,0.03897326583177902,0.0019362287947419842
143,I was New York's Cheeseball Man,Anthony Po,2024-08-01,1003940,105462,5367,0.1050481104448473,0.005345937008187741
144,JEON SOMI (Ï†ÑÏÜåÎØ∏) - ‚ÄòIce Cream‚Äô M/V,THEBLACKLABEL,2024-08-02,9465318,0,7759,0.0,0.000819729458640481
145,"LOVE ISLAND'S KAYLOR, AARON, AND ROB GET GRILLED BY DAVE PORTNOY ‚Äî BFFs EP. 186","BFFs: Dave Portnoy, Josh Richards & Bri Chickenfry",2024-08-01,476752,7621,1245,0.015985250192972447,0.0026114206128133705
146,Taking my siblings BACK TO SCHOOL shopping,Nathaly Cuevas,2024-08-01,370578,15724,683,0.042431013174014647,0.0018430667767649455
147,Deadpool & Wolverine Pitch Meeting,Pitch Meeting,2024-08-01,965702,77615,4634,0.08037158460891662,0.004798581757105194
148,Apex Legends: Shockwave Gameplay Trailer,Apex Legends,2024-08-01,716775,28431,2118,0.03966516689337658,0.0029549021659516584
149,OFFLINETV CRAFT MOLTEN GLASS,OfflineTV,2024-08-01,678284,36748,1038,0.05417789598457284,0.001530332427124921
150,I PROPOSED TO THE LOVE OF MY LIFE IN THE BAHAMAS!,Jalessa & Jaden,2024-08-01,536127,40305,4399,0.07517808280500703,0.00820514542263307
151,Explained: Boxing gender controversy as Angela Carini abandons Olympic bout after 46 seconds,Sky Sports News,2024-08-01,1064349,2945,0,0.0027669495625964793,0.0
152,Can I Get Earnings Using MEME STRATS?,More Lachlan,2024-08-01,430745,10786,551,0.025040337090389907,0.0012791790966813312
153,I'M LAUNCHING A NEW GAME,Shroud,2024-08-01,663322,26509,2531,0.039963999384914115,0.0038156430813390783
154,Is this my Fault?,Linus Tech Tips,2024-08-01,2080257,89745,8289,0.043141304175397556,0.003984603825392728
155,"J.P., NLE Choppa - Bad Bitty (Remix) [Official Music Video]",OFFICIALJPVEVO,2024-07-31,875779,44091,2350,0.05034489294673656,0.00268332535947996
156,Highlights & Goles: Argentina vs Francia 0-1 en Cuartos de Final | Juegos Ol√≠mpicos Par√≠s 2024,Telemundo Deportes,2024-08-02,194887,1349,1555,0.0069219599049705725,0.007978982692534648
157,Kehlani: Tiny Desk Concert,NPR Music,2024-07-31,1256094,74337,3799,0.05918108039684928,0.0030244551761253536
158,"Carrie Underwood Is Your New American Idol Judge! Welcome Home, Carrie!",American Idol,2024-08-01,299133,2347,281,0.007846008297312567,0.0009393814791413853
159,2025 Cost of Living Increase | How it Affects VA Disability & Social Security | COLA | theSITREP,VA | VetResources,2024-07-31,600927,25735,1985,0.042825501267208826,0.0033032298432255497
160,Easily 3 Star It's Over 9000 Challenge (Clash of Clans),Judo Sloth Gaming,2024-08-01,964213,26901,776,0.02789943715755751,0.000804801428729959
161,"SUMMER PART 2 OUT! *ALL Codes!* Mermaid QUEST GUIDE, 24 ITEM Showcase! | ROBLOX Dress To Impress",callmehhaley,2024-08-01,384773,9084,1312,0.02360872514443581,0.0034098026628687564
162,NBA 2K25 | Gameplay Courtside Report with Mike Wang,NBA 2K,2024-08-01,196485,3459,837,0.017604397282235285,0.0042598671654324755
163,"Shaboozey, BigXthaPlug - Drink Don't Need No Mix (Official Video)",ShaboozeyVEVO,2024-07-31,2149186,53656,756,0.02496573121172388,0.0003517610853597595
164,Daily Driving My Tank After Giving it a 1000HP Engine,Westen Champlin,2024-07-31,993905,36873,1060,0.03709911913110408,0.0010665003194470295
165,Everything Wrong with AI,gabi belle,2024-07-31,831125,53662,5439,0.06456549857121371,0.006544141976237028
166,‚ÄúMask Girl‚Äù Actress Married A Chaebol Then Lost EVERYTHING,Stephanie Soo,2024-07-31,736539,30340,1648,0.041192659180301384,0.0022374918368205893
167,Unstoppable Simone Biles Wins 6th Gold Medal With Spectacular Floor Routine! | Paris Olympics,Peacock,2024-08-01,1166907,13755,781,0.011787571760217394,0.0006692906975448772
168,"'Main character energy': Kim Yeji, the pistol shooter taking over the internet",Guardian Sport,2024-07-31,2681297,17257,1378,0.0064360643375202375,0.0005139303851829916
169,Vince Vaughn Catches a Hot Streak While Eating Spicy Wings | Hot Ones,First We Feast,2024-08-01,3302424,114262,9943,0.03459943362814708,0.0030108187198251953
170,Something Is Wrong With The 2024 MLB Season,Baseball Doesn't Exist,2024-07-31,696956,18281,1526,0.026229776341691585,0.002189521289722737
171,LISA - ROCKSTAR Special Stage Performance (w/ HolyBang),LLOUD Official,2024-08-01,5577626,663078,26239,0.11888176080647932,0.004704331197538164
172,[DOKKAN BATTLE] August Producer's Letter,Bandai Namco Entertainment,2024-08-02,109078,0,0,0.0,0.0
173,Cheap vs. Expensive Jet Skis,CboysTV,2024-08-02,1821897,50762,2659,0.027862167839345472,0.0014594677964780665
174,EVERYTHING GOES WRONG | Off Grid In The Mountains,Life Uncontained,2024-08-01,296351,29949,1038,0.10105921694207207,0.0035026033318598555
175,"Stray Kids ""Stray Kids"" Video",Stray Kids,2024-08-01,3328761,596199,31157,0.17910537884816602,0.009359939028365209
176,I try every art form,Brittany Broski,2024-07-31,730422,44363,2122,0.06073612240595163,0.0029051698880920894
177,"CANADA vs USA | USAB SHOWCASE | FULL GAME HIGHLIGHTS | July 10, 2024",NBA,2024-07-11,9035993,117318,8044,0.012983409792371463,0.0008902175997701637
178,"50 YouTubers Fight For $1,000,000",MrBeast,2024-07-13,217442031,8299799,378402,0.038170168673599264,0.00174024312714408
179,I made 1 guy fight ALL of Twitch Chat in TABS,DougDoug,2024-07-30,2276941,107118,3230,0.04704469724951152,0.0014185699146354693
180,Jasmine Is Prepared To Expose Kirk's Texts ü´¢üì≤ Love & Hip Hop: Atlanta,Love & Hip Hop,2024-07-31,397184,6484,2697,0.016324927489526266,0.006790303738317757
181,"La Cracka x Foolio - ""50K"" (Official Music Video)",La Cracka,2024-07-30,886358,37321,4013,0.04210601134079006,0.004527515969845142
182,"Captain America: Brave New World | Official Teaser | In Theaters February 14, 2025",Marvel Entertainment,2024-07-12,18952934,517872,41962,0.027324107180450266,0.0022140107700475294
183,We Hosted a Bed Wars Tournament!,PWR,2024-08-02,468614,12801,691,0.027316725492622925,0.001474561152675763
184,Arcadion M1S Guide - AAC Light-Heavyweight M1 Savage (Black Cat),Hector Hectorson - Hector Lectures,2024-07-31,351611,5493,382,0.015622378139478003,0.0010864278990133983
185,"Every Time You Score, the Angle Gets Tighter",Chris Dixon,2024-08-01,827051,29054,358,0.03512963529455862,0.00043286326961698853
186,Madden 25 | Franchise and Presentation Deep Dive,EA SPORTS MADDEN NFL,2024-07-31,295329,8101,1671,0.02743042505138337,0.005658096563493595
187,Introducing The Wizarding World of Harry Potter‚Ñ¢ - Ministry of Magic‚Ñ¢,Universal Orlando Resort,2024-07-31,761937,16308,1202,0.0214033443709913,0.0015775582495665653
188,DOORS: FLOOR 2 FULL TRAILER,LSPLASH,2024-07-31,2313737,118825,21391,0.05135631232071752,0.009245216720828685
189,BoyWithUke - Ghost (Official Music Video),BoyWithUke,2024-08-01,374703,33154,5978,0.0884807434154517,0.015953968876683666
190,Hermitcraft 10: Episode 22 - MACES & BASES,Grian,2024-07-30,1280133,82326,4114,0.06431050523656526,0.0032137285735154082
191,Minecraft Hermitcraft :: I'm Not Good at 1.21,BdoubleO100,2024-07-31,268449,21806,716,0.08122958178275948,0.002667173280585884
192,Kendrick Lamar - Not Like Us,KendrickLamarVEVO,2024-07-04,93634903,4308431,265113,0.046013087662407255,0.0028313480497758406
193,GORDO x Drake - Healing (Official Music Video),GORDO,2024-07-31,1239572,91678,7927,0.07395939888929405,0.006394949224409715
194,Squid Game: Season 2 | Date Announcement | Netflix,Netflix,2024-07-31,4563874,155775,6595,0.03413218682198501,0.0014450442759813265
195,BABY FOOD PRANK ON KAED !!,B N S,2024-07-31,247503,9186,391,0.037114701639980124,0.001579778830963665
196,"LL COOL J Leaves Jay-Z & Kanye Off Def Jam Mt. Rushmore, Talks Kendrick vs Drake, GOAT & New Album",Club Shay Shay,2024-07-31,1370832,37031,4625,0.02701352171527948,0.003373863463940147
197,Champions 2024 Skin Reveal Trailer // VALORANT,VALORANT,2024-07-31,686062,28557,1196,0.04162451790071451,0.0017432826770758328
198,[BLACKSWAN] ‚ÄòRoll Up‚Äô Official Music Video,Blackswan Official,2024-07-31,1206494,148050,24644,0.12271092935397938,0.020426127274565806
199,20 WOMEN VS 1 YOUTUBER: Football Edition,ChrisMD,2024-07-30,3067150,121776,3028,0.03970330763086253,0.0009872357074156791
